Product Name,
ZAFNOL TAB,9157
ZODIP TAB,6473
FOLIC ACID TAB,5959
ATENOLOL TAB,5033
XYNOSINE NASAL DROPS,4953
LONACORT INJ,4374
TEXCOL DM SYP,3618
EMKIT 0.75MG TAB,3088
HYDROXYPROGESTERONE INJ,2534
NEO-K TAB,2315
SIMVAZAF 20MG TAB,2091
FLORAMAX 2MG CAP,2055
FAMILA 28 ECONOMY PACK,1855
ASTHOTIFEN 1MG TAB,1534
ADICOS 120ML SYP,1527
PULMONOL 120 ML SYP,1314
BENZIBIOTEC 1.2MU INJ,1308
S.T.MOM 200MCG TAB,1283
BONAZER TAB,1201
SIMVAZAF 10MG TAB,1190
HYDROCORTISONE 10GM CREAM,1174
PROSENSE SYP 120ML,1130
CORSAFE 5MG TAB,1021
CLOTRIM 10GM CREAM,970
XYNOSINE (CH) DROPS,934
ASTHOTIFEN 60ML SYP,917
AZIT 250MG CAP,891
DEBRIDAT 100MG TAB,867
FLUCON 150MG CAP,824
NIFEDIL 10MG CAP,821
CARDACE 10MG TAB,807
MULTI-365 TAB,800
ZOSARTAN-K 50MGTAB,792
TEXCOL DMD SYP,737
TEXCOL-EX- 60ML SYP,657
BONIUM TAB,652
B-9 PEARLS,652
LUTEN-Z TAB,637
NIMEROL 50 TAB,623
CLOTRIM  SOLUTION,623
CESTONIL PLUS SYP 120ML,617
CP ZAF 500MG TAB,609
HYDROCORTISONE CREAM 5GM,584
COLEZAF 20MG TAB,582
 TEXCOL DM SYP,561
DICLOZAF INJ,529
CARDACE 5MG TAB,527
LAPRANAX 0.5MG TAB,524
PROSENSE TAB,518
FAMILA 150MG INJ,509
LUTEN-Z 120ML,508
MYOFLEX 550MG TAB,498
CEPHGEN-1 1GM INJ,498
ZAMLO 5MG TAB,493
PLATAGG.I 75MG TAB,485
H2-REC TAB,480
OSTOFIT TAB,446
PROCOD DROP 60ML,444
ZAMLO-H,442
HEXIDYL 2MG TAB,440
PROCOD SYP 90ML,438
DIROGEST 10MG TAB,434
ZEFTROX 250MG IM INJ,431
HYDRO SOD 250MG  INJ,429
ZEFTROX 500MG IM INJ,424
FEROCHEL TAB,421
LABETALOL HCL 50MG INJ,421
CORSAFE 10MG TAB,417
ZAFIXIME 1GM INJ,410
VITABOOST PLUS TAB,403
ZOLOXIN 500MG TAB,399
BONIUM SUSP 120ML,398
DEBRIDAT 120ML SUSP,390
ACETOPRIL 25MG TAB,389
CATEX 500MG TABS,388
AZIBECT 250 CAP,386
EPLAZYME 120 ML SYP,382
ZAUXIT 20MG CAP,381
ENPRIL 5MG TAB,379
ZEFTROX 1GM IV INJ,378
CARRICARD 50MG TAB,377
SPON -K TAB,372
MOBIL-K TAB 75MG,371
NIFEDIL SG-10CAP,370
AZIT SYP 200MG,365
TEXCOL-E-60ML SYP,364
COBVIT TAB,363
BENZIBIOTIC 0.6MU INJ,361
PICOZ DROPS,357
D-TAN STAT TAB,349
SALCOZYM CAP,345
FEROCHEL SYP 120ML,343
COLEZAF 10MG TAB,336
TUSCOR 120ML SYP,326
CEPHGEN-1 500MG INJ,326
HYDRO SOD 100MG INJ,324
PROCOD SOF GEL,323
EMKIT-DS TAB,322
BERYMAX SACHETS,318
VITABOOST TAB,318
CA-ZE CAP,316
APIMORE 120ML SYP,306
EPILEX TAB,292
CENTURAL GOLD TAB,292
LORAGIX TAB,291
CLIOQUINOL-H/C 15GM CREAM,290
HYDRALAZINE HCL TAB 25MG,289
CEFYL-ESF SYP,289
OSTOFIT CREAM 25 Gm,287
ESOPHAG 40MG CAP,285
SOPRAL 5MG TAB,282
LINCOZAF 2ML INJ,281
LAZER 125 SYP,275
CEPHGEN-1 250MG INJ,275
 ZAFNOL TAB,265
EMPEROLE 20MG CAP,261
ORAM 20MG CAP,260
METOMIDE SYP,258
PARACETAMOL 500MG TAB/TIN,250
LEOFLOX 250MG TAB,250
CA-ZE SYP 120ML,245
CEPHGEN-1 125MG SUSP,243
TEXCOL EX 120 ML,237
ZERAX 20MG TABS,231
ORTHRAM  TAB,230
BLESS TAB 20,229
LOSATEN 50MG TAB,227
ESOPHAG 20MG CAP,226
SOPRAL 2.5MG TAB,224
 FOLIC ACID TAB,224
NOCER 20MG TAB,223
ORAM 20MG TAB,220
AZIBECT 500 CAP,218
ZEPEP CAP,218
DOXYCLATE CAP,218
ZAFIXIME 500MG INJ,213
AEROCEF SYP 100MG,211
ZUSELAX 500MG INJ,209
SOFTINA CAP,209
AMINO-F(VAN)200G,207
MAGNESIUM SULPHATE 10ML,205
LAMX INJ I ML,204
DAVIZIN TAB10MG,204
 ZODIP TAB,201
LAPRANAX 0.25MG TAB,200
VITUM GOLD TAB,198
CLOTRIM 20GM CREAM,197
PROTONOL TAB 40MG,195
NAROBE 500MG INJ,195
PROCOD SYP 180ML,191
OPZA CAP 20MG,189
ZAFIXIME 250MG INJ,189
LOSATEN-H TAB,189
ANSAL 120ML SYP,188
CEFYL-P SYP,186
SEA CAL TAB,185
CERE PLUS SYP,184
EPLAZYME CAP,180
FLUCON SUSP 35ML,180
FAMTAZA 40MG TAB,179
TEXCOL-E-120ML SYP,172
TEXCOLE BRONCO 120 ML,171
ZOLOXIN 250MG TAB,170
 SALCOZYM CAP,169
MYOSAL TAB,168
CP ZAF 250MG TAB,168
 XYNOSINE NASAL DROPS,167
SALMIN-D CAP,167
ENPRIL 10MG TAB,167
ROGASTRIL IMG TABS,165
ZAFTOLIN SOLUTION,164
HAIORENAL 400G,164
MALTOVIS SYP120ML,162
FLECTIN CAP,161
EAGER UP 120 ML SYP,160
COLI CARE DROPS,160
AMDAQUIN 20ML SUSP,160
ANGILINGUAL TAB,157
VIVAMAX CAP(,156
NOREGYN 5MG TAB,154
TRUZOLE SYP 60ML,152
DALIX 5MG INFUSION,151
MORON CAP,150
TINIZE TAB 2MG,149
HISTAMOL-D SYP,149
METHRIL 10MG TABS,148
DEROCON 150MG CAP,147
GYNOSAFE 500MG TAB,140
STERIFLUID 9% NS 100ML,139
CESTONIL SYP 120ML,138
FERROCEBRIN-F  TAB,137
CEFRESH 500MG INJ,133
D-TAN TAB,133
MONTAZA 10MG TAB,132
 ATENOLOL TAB,132
FERROCEBRIN SYP,130
MYROCAM-B 20 MG TAB,130
CARA.IN D (VIT D3),129
NOCER 40MG TAB,129
ALLFEM CAP,127
AZENE 20MG CAP,127
LEOFLOX 500MG TAB,127
VETROX 500MG INJ,125
NOCER 60ML SUSP,125
NIMEROL 10 TAB,125
MYCOLOCK TAB,124
HIVYCOF SYP 120ML,124
CLEFER INJ,123
LEVOMA 25MG TAB,123
LIVOBAN 450G,122
PANIK 50MG TAB,122
FLUXAQUIN 400MG TABS,122
SEACAL PLUS TAB,121
GREEN FOLIC 300MG CAP,121
MALTONUM TAB,120
COFSE PLUS SYP,120
BRYON-E SYP 120ML,119
 LONACORT INJ,119
 CESTONIL PLUS SYP 120ML,119
VOFLOZA 250MG TAB,118
CARDACE-H TAB,118
CLOXIDIL 75MG TAB,117
CALGESIC 550MG TABS,117
CAPZYME CAP,115
CLIOQUINOL-H/C CREAM 5GM,114
MOBIL-K 100MG TAB,114
MAGESIUM SULPHATE 2ML,113
FLOVIX 200MG TAB,112
APISAL 120ML SYP,112
TYLADOL TAB,111
CEXIME SYP 100MG,109
ZECLORIN 250MG TABS,109
SOPRAL 10MG TAB,107
DAVITRAN 50MG TAB,107
DAVISALTS(ORS),106
SPOREX 250MG INJ,106
AMAZE TAB,105
SIC TAB,104
MYOFLEX 275MG TAB,104
META-RIB 20MG TAB,104
ZESCAP 400MG CAP,102
CATEX 200MG INJ,102
SEA CAL INSTA(SACHETS),102
CYNODOX-C FORT TAB,101
MAXOR 40MG TABS,101
LORAGIX 60ML SOL,101
 AZIT 250MG CAP,101
CYCLORAM 20MG TABS,100
CATEX 250MG TABS,100
ECTOBAL INJ 500MCG,100
VIROL SYP 60ML,100
HI-PRUNE 120 SYP,99
DULIN 5MG TAB,99
MEXIRAN 15MG TAB,99
COFAN-D-SYRUP,98
LAZER TAB 500MG,98
CORIK-H-TABS,97
LAZER 250 SYP,97
 HYDROXYPROGESTERONE INJ,97
TEXCOL ALLERGY SYP,96
SAL-V TAB,96
FLUCON 50MG CAP,96
CORIK 50MG TABS,95
SOPRAL PLUS 5MG TAB,95
LINSEVID TAB,94
LAZER TAB 250MG,94
SPOREX 500MG INJ,94
LABETALOL HCL TAB100MG,93
DEBRIDAT 200MG TAB,92
 EMKIT 0.75MG TAB,91
ITROFIT CAP,90
 ANSAL 120ML SYP,90
HAIO-Z 60ML SYP,89
HEMEL 125MG SYP,88
GYNOSAFE Cream Vaginal,88
STERIFLUID RL 1000ML,86
LIVOGARD 30 TAB,86
TAIVOR 3 MG TABS,86
 FAMILA 28 ECONOMY PACK,86
ZULCID 20 MG TAB,85
ECTOBAL TAB500MCG,84
STEADY 2MG TAB,84
FAMTAZA 20MG TAB,83
STERIFLUID 5% 1000ML,83
AMINO-F (CHK)200G,82
AEGIDEX OINTMENT,81
APIMORE TAB,81
AREOCEF SYP DS 200MG,78
D TAN DROPS,77
 FLUCON 150MG CAP,77
 TEXCOL DMD SYP,77
CESTONIL 5 MG TABS,77
NAPTROL 500MG TAB,76
MALTOVAIS TAB100MG,76
SAEMEGA SOFTGEL CAP,75
LORDIN TAB10MG,75
PULMONOL 450ML SYP,74
VIROL-600MG TABS,74
 SALMIN-D CAP,74
HIPRIL 10MG TABS,73
DIUZA 25MG TAB,73
IROFAN SYRUP,73
VETROX 250MG INJ,72
 MYOSAL TAB,71
CORSAF (AT 5/10) TAB,71
METOMIDE INJ,71
NIFEDIL-XL 30MG TAB,70
DAVICOBAL TAB 500MG,70
DILTIAZAF 30MG TAB,70
ANOREXIN 120ML SYP,70
 AEGIDEX OINTMENT,70
XTEEM 30MG CAP,69
LEVODAY TAB250MG,68
AZIBECT 15ML SUSP,68
LUTEVIT-Plus TAB,67
ZEFTROX 1GM IM INJ,67
 TEXCOL-EX- 60ML SYP,67
LIVOGARD 120 ML SYP,67
LOSERT PLUS TABS,67
S.T.MOM 200 3'S,67
GEMICIN TAB,66
RELAXTRON 10MG INJ,66
 FLORAMAX 2MG CAP,66
LIVOGARD SYP 120ML,65
KLCM FORT 1000,65
STERIFLUID-RL500ML,64
CARICARD 50MG TAB,64
BRYON E SYP 120 ML,63
HAIOCID 120ML SYP,63
HAIOBERRY 10 POUCH,62
 PROSENSE SYP 120ML,62
ZESCAP 200MG  CAP,61
MONTAZA 5MG TAB,61
 NEO-K TAB,61
LIZOBAL INJ,60
ULFARID 20 MG TAB,60
 SIMVAZAF 20MG TAB,59
ZUSELAX 100MG INJ,59
ALLMEN CAP,59
ADIFLOX  TAB 200MG,59
VITALYSINE 120ML SYP,59
"ULTRA.D-1(VAN 7,S )",58
PEPSIL SYP 120 ML,58
IPRIN 20MG TABS,58
COZYEM-10 50MG cap,58
CO-ACEARTIN TAB,57
HIOZEST PLUS TAB,57
CARRICARD 100MG TAB,57
EUPAZOLE 40MG CAP,57
LIVITAL 450GM,57
BTROL 500MG CAP,56
DILTIAZAF 60MG TAB,56
LUTEVIT-Plus SYP,56
GRAVX 100MG TABS,55
ZARON 2 MG TABS,55
AZOCIN DRY SYP,55
LOSERT 50MG TAB,54
VOFLOZA 500MG TAB,54
COFAN-D TAB,54
MALTONIUM 120ML SYP,54
CLARX SYP60ML,53
BTROL 500MG INJ,53
AMINO-F(VAN)400G,52
ZAFUROX 250MG INJ,52
 HYDROCORTISONE 10GM CREAM,52
COLI CARE SYP 60ML,52
NYSOL SYP 500ML,52
HAIO-D3,51
EUPAZOLE 20MG CAP,51
ULFARID 40 MG TAB,50
EPILEX 120 SUP,50
SALMIN D DROPS,50
ACNOT 2MG TAB,50
DEROCON SYP 35ML,50
BIOSAL SYP,50
LEVODAY TAB500MG,49
SALKUF 120ML SYP,49
SKEL TEC TAB,48
CROTAN 20GM CREAM,48
LEVORX 250MG TABS,48
 MYROCAM-B 20 MG TAB,48
CEPHGEN-1 500MG CAP,47
 BONIUM TAB,47
ZOXICILLIN DROPS 100MG,47
CLARX 250MG TABS,47
CIPRODAY TAB 250MG,47
TESMIC 60ML SYP,47
HAITO SYP,46
CYOX 500MG INJ,46
CP ZAF 0.2 INFUSION,46
STERIFLUID 9% NS 1000ML,46
CYCLORAM 20MG TAB,46
YES 2-ZINC SULPHAT,46
"ULTRA.DII(STRB7,S)",46
PROLIVER CAP,45
CEFRESH 125MG SYP,45
 XYNOSINE (CH) DROPS,45
LIZOBAL TAB,45
THYRAZOL TABS,45
SPOREX 1GM INJ,44
TROPUM SOLUTION,44
DAVIZIN SYP60ML,44
CEFROL-3 SUSP,44
ANXOLITE 3MG TAB,44
ZACLAZIDE 80MG TAB,43
 SEA CAL TAB,43
SEAMEGA PLUS CAP,42
 AZIT SYP 200MG,42
VETROX 1GM,42
 LUTEN-Z 120ML,42
AEROCEF CAP 400MG,42
HAIOMAX 3 DROPS,42
EPLACARD 50MG TAB,42
METOXIM 400MG TAB,42
 LAPRANAX 0.5MG TAB,42
 S.T.MOM 200MCG TAB,41
MYCONIT-H CREAM 10G,41
 APISAL 120ML SYP,41
COF-SE SYP 120ML,40
CLARX 500MG TABS,40
CIPRODAY  TAB 500MG,40
CEFRESH 250MG SYP,40
RANIPEP TAB 150MG,39
ZOXICILLIN 250MG SUSP,39
DIGLYTA 30MG TAB .,38
GUTONE 2GM SACHET,38
AMINOCID SYP 120ML,38
CALCE PLEX,38
CEXIME CAP 400MG,37
HIPRIL 5MG TABS,37
 CATEX 500MG TABS,37
 PANIK 50MG TAB,37
LEVOMA 50MG TAB,37
CLIOQUINOL CREAM,37
VIROL-400MG CAP,37
 GREEN FOLIC 300MG CAP,36
MESTOM 10MG TAB,36
ZINDIGI 10MG TABS,36
TG-90 TAB,35
 VITUM GOLD TAB,35
LAPRANAX 1MG TAB,35
CAREPREG SOFTGELL CAP,35
 LABETALOL HCL 50MG INJ,35
"ULTRA.DIII(ORN 7,S)",35
TRUZOLE 120ML  SYP,35
TERBULIN TAB,35
ZAMPILOX 500MG INJ,34
 ADICOS 120ML SYP,34
CANALAC SYP,34
ZECLORIN 500MG TABS,34
POLYZAF EYE 4MG,34
PEDRIC 6PLUS 60ML,34
 EMPEROLE 20MG CAP,34
HEMEL 500MG TAB,34
 CP ZAF 500MG TAB,33
TAXOMIC 500MG INJ,33
 FLUXAQUIN 400MG TABS,33
AMINO-F(CHK)400G,33
FLEXITRAN 500MG INJ,33
 FEROCHEL TAB,32
 PROCOD DROP 60ML,32
 BENZIBIOTEC 1.2MU INJ,32
 CA-ZE SYP 120ML,32
SIPO 250MG TAB,32
 MYOFLEX 550MG TAB,31
 SEA CAL INSTA(SACHETS),31
 SALKUF 120ML SYP,31
CYOX 250MG INJ,31
 CEFRESH 250MG SYP,31
 SIC TAB,31
DAIKIN 75MG TAB,31
 LUTEN-Z TAB,31
IROPURE CAP,30
LEVORX 500MG TABS,30
 CORSAFE 10MG TAB,30
LORDIN SUP 60ML,30
CATEX 500MG TAB,30
TAMFLO 0.4MG CAP,30
COZYME-10 100MG  CAP,30
 CAPZYME CAP,29
HEMEL 250MG TAB,29
SIPO 500MG TAB,29
DESLET 60ML SYP,29
SALVIT TAB,29
OIKAMID 1GM INJ,29
LEBX 200MG TAB,29
 ZOSARTAN-K 50MGTAB,29
ZAFTOLIN SYP SUGAR FREE,29
NOBILIUM 2MG TAB,29
 META-RIB 20MG TAB,29
MEDIFEN-SR CAP,28
 ASTHOTIFEN 1MG TAB,28
EPLACARD 100MG TAB,28
FERROCEBRIN SYP 120ML,28
 CEFRESH 500MG INJ,28
STEADY 1MG TAB,27
TYLADOL EXTRA TAB,27
ACROWIL-F SOFTGELS,27
 ESOPHAG 20MG CAP,27
 ALLFEM CAP,27
ZINDIGI 20MG TABS,27
STERIFLUID 5% 500ML,27
AEROCEF 30ML SYP,26
ZIMES 40MG CAP,26
 CERE PLUS SYP,26
SOPRAL PLUS 10MG TAB,26
CIPAMOX 500MG CAP,26
VOMITIL SYP120ML,26
CYNODOX-C SYP,26
ADICOS-M.120ML SYP,26
 PROSENSE TAB,26
 SIMVAZAF 10MG TAB,26
ESSET 40 MG CAP,26
 ZOLOXIN 500MG TAB,25
POLYCEBRIN F TAB,25
 SAL-V TAB,25
VOMITIL TAB10MG,25
DIGLYTA 15MG TAB,25
CARAIN D INJ,25
CEFRESH 500MG CAP,25
ENOXAZAN 400MG CAP,25
CEBRIN CAP,25
FORGESIL PLUS TAB,24
 ZUSELAX 100MG INJ,24
MALTEF TAB,24
ZAMPILOX 250MG INJ,24
 CORSAFE 5MG TAB,24
 PARACETAMOL 500MG TAB/TIN,24
 FEROCHEL SYP 120ML,24
PREFOR -50 MG CAP,24
CRANPURE SACHETS,24
 CORIK 50MG TABS,23
 BONIUM SUSP 120ML,23
 TEXCOL EX 120 ML,23
PEDRIC SUSP 60ML,23
DESLET TAB,23
 COBVIT TAB,23
TINIZE-SR 6MG CAP,23
 CLEFER INJ,23
LIVOGARD TAB,23
 CARICARD 50MG TAB,23
AMINO-F(MANG)200G,23
BODY FUEL MOM 400GM,23
CEXIME DS SYP 200MG,23
CERE PLUS CAP,23
 LIZOBAL INJ,22
ASPERFIN SYP 60ML,22
STEADY 3MG TAB,22
DIFAM PLUS INJ,22
 BTROL 500MG CAP,22
 FAMTAZA 40MG TAB,22
BETADIP CREAM,22
 SEACAL PLUS TAB,22
ZAMOCLAV 625MG TAB,22
ZOXICILLIN 500MG INJ,22
 FAMILA 150MG INJ,22
AMINO-F(PIN)200G,22
SALTOFER TAB,22
ANIFEN SR 100MG CAP,22
STERIFLUID DS 500ML,22
 DESLET 60ML SYP,22
 LAPRANAX 0.25MG TAB,21
ASPERFIN TAB,21
HYDRAZINE HCL INJ 20MG,21
AZENE SOLUTION LIQUID,21
SERAZYME TAB,21
PREFOR -75 MG CAP,21
 H2-REC TAB,21
ZOXICILLIN SUSP 125MG,21
CODLI-AD CAP,21
 DEROCON 150MG CAP,21
GEN-3 250 INJ,21
TERBIZOR 125 MG TAB,21
FEROGAD-F-TABS,21
OMEFIT 20MG CAP,21
FLEXITRAN 250MG INJ,21
 CLOTRIM 10GM CREAM,21
 SAEMEGA SOFTGEL CAP,21
ORAM 10MG CAP,21
ZAMOCLAV 1.2GM INJ,20
 FERROCEBRIN SYP,20
 FLUCON SUSP 35ML,20
ULTRA SLIM TEA,20
MIRTAZEP 15MG TAB,20
 CESTONIL SYP 120ML,20
PROSFIT CAP,20
USTA-D SYP,20
 CEFRESH 125MG SYP,20
FEROGAD SYP 60ML,20
 OSTOFIT TAB,20
D-VITIN SOFT TAB,20
 CLOTRIM  SOLUTION,20
SOMELINZ 40MG CAP,20
 HYDROCORTISONE CREAM 5GM,19
 SOPRAL 5MG TAB,19
 ORAM 20MG CAP,19
 MYCOLOCK TAB,19
BIPED 2GM INJ,19
GYNOFEN 50MG TAB,19
 BIOSAL SYP,19
GEN 3 500 MG INJ,19
PREGROSE-F TAB,19
 AEROCEF SYP 100MG,19
NEOFE FOLIC TAB,19
 GYNOSAFE 500MG TAB,19
STERIMET INJ 100ML,19
 NIFEDIL 10MG CAP,19
"ULTRA.DIII(ORN 14,S)",19
 AMAZE TAB,19
 ZERAX 20MG TABS,19
PARA 4 KIDS SUSP,19
OFLOBIOTIC 200MG CAP,18
 TEXCOL-E-60ML SYP,18
TYLADOL SYP 60ML,18
BTROL 250MG CAP,18
"ULTRA.D I(VAN 14,S)",18
STERIFLUID RLD500ML,18
 HIOZEST PLUS TAB,18
HAITO TAB,18
 DALIX 5MG INFUSION,18
 DICLOZAF INJ,18
AMINO-F (PIN) 400GM,18
 APIMORE 120ML SYP,18
DIGLYTA PLUS TAB,18
OIKAMID CAP,18
 EMKIT-DS TAB,18
GEN 3 1GM INJ,18
ZAVERA 240MG TAB,17
ZIMES 20MG CAP,17
 TINIZE TAB 2MG,17
ENFYS 40 MG CAP,17
 VIROL SYP 60ML,17
 VITABOOST TAB,17
DILCOZYME SYP,17
DOXYCYCLINE CAP 10MG,17
ESSET 20MG CAP,17
ALBEN SYP 10ML,17
ARTEZA 80MG /1ML,17
 TEXCOLE BRONCO 120 ML,17
FOLSAV 400MCG CAP,17
 HEXIDYL 2MG TAB,17
ZORAT 10MG TAB,17
 TEXCOL ALLERGY SYP,17
 EPILEX TAB,17
ZAMOCLAV 156.25MG,16
SOMELINZ 20MG CAP,16
SODAZAF SACHET,16
LOACID SYP 60ML,16
MYCONIT CREAM 15 G,16
NETEL 50MG TAB,16
ADICOS 60ML SYP,16
LOKIT CAP,16
BALANCE-D ( Vanila ) 400GM,16
 ZUSELAX 500MG INJ,16
 NIMEROL 50 TAB,16
CEFORAL-3 CAP,16
ARLUFA TAB,16
 ASTHOTIFEN 60ML SYP,16
 SALMIN D DROPS,16
AMDAQUIN 150MG TAB,16
ZESCAP 600MG CAP,16
CARICARD 100MG TAB,16
 HAIOBERRY 10 POUCH,16
VADORAL CAP,16
 LAMX INJ I ML,16
ZAMOCLAV 312.50 MG,16
FOSOMIN 250 SYP,16
 BRYON E SYP 120 ML,16
 SOMELINZ 40MG CAP,16
 ENPRIL 5MG TAB,15
CEPOX 1GM IV INJ,15
VIZIN 2MG TAB,15
STERIFLUID DS 1000ML,15
STEADY 4MG TAB,15
 USTA-D SYP,15
 PROCOD SYP 90ML,15
 MESTOM 10MG TAB,15
 COLEZAF 20MG TAB,15
H2 REC INJ 2ML,15
CIPAMOX FORTE SYP,15
NAPTROL 250 MG TAB,15
FERO-MED SYP 120ML,15
 ZULCID 20 MG TAB,15
SESTRIN 50MG TAB,15
ZATRANAX 250MG CAP,15
 BTROL 500MG INJ,15
AMIKACIN 250MG INJ,15
ARKCIN 20MG TAB,14
ACEARTIN 50MG TAB,14
BETADIP OINT 15GM,14
PYRITOL 120ML SYP,14
 AZENE 20MG CAP,14
 MALTONUM TAB,14
TAXOMIC 250MG INJ,14
STERIFLUID RLD 1000ML,14
OLZAR 7.5MG TABS,14
 PROCOD SYP 180ML,14
 CA-ZE CAP,14
 LAZER 125 SYP,14
 ORAM 20MG TAB,14
DAVIZOLE-V CREAM,14
 CARDACE 10MG TAB,14
NIFLOR 125MG SYP,14
 COZYEM-10 50MG cap,14
 CORIK-H-TABS,14
AMINO-F(LEM)200G,14
NOBILIUM 3MG TAB,14
 LIVOBAN 450G,14
ZECLORIN 125MG SUSP,14
 RELAXTRON 10MG INJ,14
OPZA CAP 40MG,13
POLYCEBRIN SUSP,13
ZEFTROX 250MG IV INJ,13
EPLACHERRY'S COM SYP,13
ADICOS-M.60ML,13
 SEAMEGA PLUS CAP,13
FERROFAN SYP 120 ML,13
ZEFTROX 500MG IV INJ,13
OMJECT 20MG CAP,13
BIPED 1 GM INJ,13
 TEXCOL-E-120ML SYP,13
 ZEPEP CAP,13
DICLOZAF 50MG TAB,13
 BLESS TAB 20,13
MONTEKARL 10MG TABS,13
CEFRESH 1GM INJ,13
 BENZIBIOTIC 0.6MU INJ,13
 ENPRIL 10MG TAB,13
BACTAMOX 1500MG  INJ,13
DEPRAM 10MG TAB,13
PROCHOLIDIN 5MG TAB,13
 LORAGIX TAB,13
EPIZEP 0.5MG TAB,13
 HAIO-Z 60ML SYP,13
LIXOM 400GM TABS,12
MIPINE 30MG TABS,12
MOLINZA 400MG TAB,12
 SALVIT TAB,12
 PLATAGG.I 75MG TAB,12
ZATRANAX INJ 250MG,12
AMIKACIN 500MG INJ,12
 ZAUXIT 20MG CAP,12
 SOFTINA CAP,12
PSULB 2GM INJ,12
TYLADOL PLUS SYP,12
 AZIBECT 250 CAP,12
 FORGESIL PLUS TAB,12
 TYLADOL SYP 60ML,12
 CORSAF (AT 5/10) TAB,12
FERO-MED SYP 60ML,12
 AZIBECT 500 CAP,12
"ULTRA.DII(STRB14,S)",12
CORSAFE,12
 LOSERT PLUS TABS,12
PLIHYDRA 120ML SYP,12
 DEBRIDAT 100MG TAB,11
 ALLMEN CAP,11
MEDIFEN-SR TAB,11
CEPHGEN 250MG CAP,11
 ESOPHAG 40MG CAP,11
XOMAL PLUS SYP 30ML,11
 CATEX 250MG TABS,11
 ACETOPRIL 25MG TAB,11
CIPAMOX 125 SYP,11
 LAZER TAB 500MG,11
BODY FUEL MOM 300GM,11
METOMIDE 10MG  TAB,11
XOMAL INJ,11
LOVASTATIN 20MG TAB,11
DICLOKALIUM 50MG TAB,11
TYLADOL -CF TAB,11
PARA 6+SUSPENSION,11
 CARDACE 5MG TAB,10
REDUSE 10MG TABS,10
DEROX 150 MG TAB,10
QUIXOR 500MG TAB,10
PROLIVER SUSP 120ML,10
 NAROBE 500MG INJ,10
ZAFUROX 750MG INJ,10
 DULIN 5MG TAB,10
 CALGESIC 550MG TABS,10
ULTRA -VIT TAB,10
ZAMOCLAV 375 MG TAB,10
 VIROL-600MG TABS,10
 VITABOOST PLUS TAB,10
FIRMOFOS 10MG TAB,10
 LEOFLOX 250MG TAB,10
ZAFVIL 2ML.S INJ,10
 OSTOFIT CREAM 25 Gm,10
 TYLADOL PLUS SYP,10
 NIMEROL 10 TAB,10
ALBEN 10ML SYP,10
BTROL 250MG INJ,10
OROXIZAF 125MG/5ML,10
ZOXICILLIN 250MG INJ,10
 FLUCON 50MG CAP,10
 ZECLORIN 250MG TABS,10
 FERROCEBRIN-F  TAB,10
GLOWVEX FORT SYP,10
VESKOR 10MG TABS,10
TESMIC TAB,10
 LINCOZAF 2ML INJ,10
CATEX 250MG TAB,10
 TAMFLO 0.4MG CAP,10
STERILYTE-M 500ML,10
 DESLET TAB,10
KLEMAT 1MG TAB,10
 HAIOCID 120ML SYP,9
CESTONIL PLUS SYP 60ML,9
ZAMPILOX 500MG CAP,9
 MALTONIUM 120ML SYP,9
 PICOZ DROPS,9
LEVAMIN 5MG TAB,9
 HYDRALAZINE HCL TAB 25MG,9
TEROL 2MG TABS,9
 CEFROL-3 SUSP,9
CORLET 20MG TAB,9
STERIFLUIS 9% NS 500ML,9
NIFLOR 250MG SYP,9
 HIPRIL 10MG TABS,9
 OMEFIT 20MG CAP,9
DAVITRAN DS 100MG TAB,9
 TAIVOR 3 MG TABS,9
TEXCOL BRONCO 90ML,9
LEVOZEF 2.5 SYP,9
 COLEZAF 10MG TAB,9
 ZIMES 40MG CAP,9
 LIVOGARD 120 ML SYP,9
MONTEF 10 MG TAB,9
NORIFAM 1ML INJ,9
 FLECTIN CAP,9
ZITHRO 250MG TAB,9
STERIFLUID 10% 500ML,9
PREFOR -100MG CAP,9
 HAIORENAL 400G,8
WETRIAXON 250MG INJ,8
GLUCOTIN TABS,8
ZOXICILLIN 1GM INJ,8
 SOPRAL 2.5MG TAB,8
SESTRIN 100MG TAB,8
BALANCE-D ( Pineapple) 400GM,8
ARTESUL 50MG TAB,8
 EUPAZOLE 40MG CAP,8
AMINO-F(RASB)400G,8
ARDIS 10MG TAB,8
 TRUZOLE 120ML  SYP,8
ZOLARD CAP 30MG,8
BACTAMOX 3000MG INJ,8
 LOSATEN 50MG TAB,8
 CP ZAF 250MG TAB,8
STERILYTE M 1000ML,8
ZAFACAIN 1GM INJ,8
 CEPHGEN-1 1GM INJ,8
 IPRIN 20MG TABS,8
 PROCOD SOF GEL,8
 VITALYSINE 120ML SYP,8
LAMX TABS,8
DIFAM INJ 75MG,8
 PROTONOL TAB 40MG,8
 NOCER 40MG TAB,8
 PYRITOL 120ML SYP,8
 LIVOGARD 30 TAB,8
ADICOS 450ML SYP,8
 COFSE PLUS SYP,8
 VIVAMAX CAP(,8
 PROLIVER CAP,8
 ZAMLO 5MG TAB,8
IBUQUIK 400MG CAP,8
 TYLADOL EXTRA TAB,8
 DIFAM PLUS INJ,8
 CESTONIL 5 MG TABS,8
 AMDAQUIN 20ML SUSP,7
 NOREGYN 5MG TAB,7
PROTERON  TAB,7
AMIKACIN 100MG INJ,7
 DIROGEST 10MG TAB,7
 LEVOMA 50MG TAB,7
AMINO-F(LEM)400G,7
 PROSFIT CAP,7
 HI-PRUNE 120 SYP,7
NITROSUST 2.6MG TAB,7
IPC CHWEABLE TAB,7
BALANCE-D ( Banana) 400GM,7
 SKEL TEC TAB,7
 ZEFTROX 250MG IM INJ,7
CYOX IG INJ,7
S-CID 150MG TAB,7
 LORAGIX 60ML SOL,7
 ROGASTRIL IMG TABS,7
 LAZER TAB 250MG,7
 ZAMLO-H,7
STERIFLUID 10% 1000ML,7
 VETROX 250MG INJ,7
 NOCER 20MG TAB,7
 CENTURAL GOLD TAB,7
FLOXER 250 MG TAB,7
AMINO-F(MANGO)400GM,7
LEVORX 100ML INJ,7
 DOXYCLATE CAP,6
 TAXOMIC 250MG INJ,6
POLYCEBRIN TAB,6
 CLOTRIM 20GM CREAM,6
 HYDRO SOD 100MG INJ,6
 NYSOL SYP 500ML,6
 FAMTAZA 20MG TAB,6
STERIFLUID 25% 1000ML,6
FIRMOFOS 70MG TAB,6
 HAIO-D3,6
LISNA 5MG TAB,6
TULOSIN 0.4 MG CAP,6
 LIZOBAL TAB,6
LOSERT 25MG TABS,6
 GYNOSAFE Cream Vaginal,6
NOCER,6
LISNA 20MG TAB,6
 IROPURE CAP,6
TEXCOL ALLERGY TABS,6
TONSIC 2 MG TABS,6
 AREOCEF SYP DS 200MG,6
STERIFLUID 5% 100ML,6
 TYLADOL TAB,6
 CEFRESH 1GM INJ,6
 LAZER 250 SYP,6
ALMAGEL 120ML SYP,6
 MAXOR 40MG TABS,6
 ZESCAP 400MG CAP,6
ARTESUL 100MG TAB,6
 PREFOR -50 MG CAP,6
 ZOLOXIN 250MG TAB,6
REDUSE 20MG TABS,6
 HEMEL 125MG SYP,6
 CAREPREG SOFTGELL CAP,6
 FERROFAN SYP 120 ML,6
 ZAFIXIME 1GM INJ,6
ZIPENTA 500MG INJ,6
UB-SOFT CAP,6
 SOPRAL 10MG TAB,6
 ZAFIXIME 500MG INJ,6
FERROFIT TAB 200MG,6
FLOXER 500MG TAB,5
KEFROX 250 INJ,5
ZAMPCILLIN 500MG INJ,5
 ZEFTROX 500MG IM INJ,5
 CEFRESH 250MG INJ,5
ZAMOCLAV 1GM TAB,5
 TAXOMIC 1GM INJ,5
 LEVOMA 25MG TAB,5
 VETROX 500MG INJ,5
 SALTOFER TAB,5
ZOXICILLIN CAP 500MG,5
ENFYS 20MG CAP,5
AMINO-F(RASB)200G,5
 CEPHGEN-1 125MG SUSP,5
AEROCEF DS SAYP,5
 CATEX 200MG INJ,5
 ANOREXIN 120ML SYP,5
PREGROSE SYP,5
CESTONIL SYP 60ML,5
DEROCON 50MG CAP,5
 MAGNESIUM SULPHATE 10ML,5
 DEROCON SYP 35ML,5
 CYCLORAM 20MG TAB,5
MACLARA 125MG SUSP,5
 LEVORX 250MG TABS,5
 CLIOQUINOL-H/C 15GM CREAM,5
 NOBILIUM 2MG TAB,5
ULZO-30 CAP,5
 LOSATEN-H TAB,5
IBUPROFEN TIN 200MG,5
 FLOXER 250 MG TAB,4
 AMINOCID SYP 120ML,4
 LEVORX 100ML INJ,4
 ZECLORIN 500MG TABS,4
 ACROWIL-F SOFTGELS,4
 VETROX 1GM,4
GOLEPTIC 100MG CAP,4
NIMEROL50TAB,4
 TEROL 2MG TABS,4
 HIPRIL 5MG TABS,4
 ENOXAZAN 400MG CAP,4
 DIFAM INJ 75MG,4
 CLOXIDIL 75MG TAB,4
 MONTEF 10 MG TAB,4
 CEXIME SYP 100MG,4
 TROPUM SOLUTION,4
MACLARA 250MG TAB,4
 SPOREX 250MG INJ,4
CORSAFE AT 5/20 TAB,4
LIXOM 400MG INFUSION,4
CURODERM CREAM 15 G,4
MECAGIM 500MG TAB,4
ATENOLOL,4
CEFRESH 250MG INJ,4
TAXOMIC 1GM INJ,4
6 TEXCOL DM SYP,4
 HEMEL 250MG TAB,4
METOMIDESYP,4
FLECTIN 60ML SYP,4
ZAFACAIN 500MG INJ,4
 LEOFLOX 500MG TAB,4
 CEXIME CAP 400MG,4
VIVAMAX CAP,4
 SOMELINZ 20MG CAP,4
ATM DISPERSIBLE TABS,4
 PREFOR -75 MG CAP,4
METRIDA 400MG TAB,4
 DEBRIDAT 120ML SUSP,4
 ZAMPILOX 500MG CAP,4
EZIPROL 40MG CAP,4
 CARRICARD 50MG TAB,4
METRIDA IV 0.50 INJ,4
DEROX 50MG TAB,4
 METOMIDE 10MG  TAB,4
 ZAFUROX 250MG INJ,4
 AEROCEF CAP 400MG,4
 ALBEN SYP 10ML,4
NOBILIUM 1MG TAB,4
CURODERM-H CREAM 15G,4
 CRANPURE SACHETS,4
 CEFYL-P SYP,4
LORAGIX,4
 LEVORX 500MG TABS,4
LOKTIZ 50MG TAB,4
 POLYZAF EYE 4MG,3
 STEADY 2MG TAB,3
 DILTIAZAF 30MG TAB,3
ZAMPRA 20MG CAP,3
3 TEXCOL DM SYP,3
 B-9 PEARLS,3
 ITROFIT CAP,3
AMBEC  1500MG INJ,3
 SESTRIN 100MG TAB,3
ENPRESS XR 75MG CAP,3
 ZORAT 10MG TAB,3
ZAFTOLIN INHALER 100MCG,3
CIPROCIDE 500MG TAB,3
 GRAVX 100MG TABS,3
 FERROCEBRIN SYP 120ML,3
 FLOXER 500MG TAB,3
 COZYME-10 100MG  CAP,3
 ZOXICILLIN 1GM INJ,3
 HAIOMAX 3 DROPS,3
 HYDRO SOD 250MG  INJ,3
XOMAL PLUS DS TABS,3
 EUPAZOLE 20MG CAP,3
 BODY FUEL MOM 400GM,3
 BACTAMOX 1500MG  INJ,3
1 EPILEX TAB,3
MECOL TAB,3
 FIRMOFOS 10MG TAB,3
 VIROL-400MG CAP,3
 AZENE SOLUTION LIQUID,3
PLIMALTOS SYP,3
ORCHARD SYP (SMOKER),3
 DIUZA 25MG TAB,3
 NIFEDIL SG-10CAP,3
EZIPROL 20MG CAP,3
 ZAFTOLIN SOLUTION,3
METRIDA SYP 60ML,3
NITROSUST 6.4MG TAB,3
 CHESTIALL COUGH SYP 120ML,3
 COFAN-D TAB,3
 LEVOZEF 2.5 SYP,3
ORCHARD SYP (COLD),3
 TESMIC 60ML SYP,3
DAVI PLEX 120ML,3
EPLALEV 250MG TAB,3
 BTROL 250MG INJ,3
 LOACID SYP 60ML,2
STERFLUID DS 1/2 500ML,2
 ATM DISPERSIBLE TABS,2
 CYCLORAM 20MG TABS,2
 CARDACE-H TAB,2
XYNOSINE NASAL DROPSNASAL,2
 ZAMOCLAV 1.2GM INJ,2
 GEN 3 1GM INJ,2
 DEBRIDAT 200MG TAB,2
 EPLACARD 100MG TAB,2
PRESCARD 5MG TAB,2
 PROLIVER CAP (DR)DIS,2
 TERBIZOR 125 MG TAB,2
FLUCON,2
KEFROX 750 INJ,2
CIPROCURE 500MG TAB,2
DOXYCLATE,2
STERIFLUTOL 20% 500ML,2
1 FOLIC ACID TAB,2
 NOCER 60ML SUSP,2
6 EPILEX TAB,2
CEPOX 250IM INJ,2
 CEPHGEN-1 500MG INJ,2
 AEGI-TOOT 120ML SYP,2
9 TEXCOL DM SYP,2
SIMVAZAF 20MGTAB,2
CEXIMESYP100MG,2
CEFYL-ESF,2
 MONTAZA 5MG TAB,2
 CLARX SYP60ML,2
 MONTAZA 10MG TAB,2
FINEX 20MG CAP,2
TYLADOL 60ML SYP,2
CIPROCURE 250 SYP,2
 CODLI-AD CAP,2
 PROLIVER SUSP 120ML,2
 PEPSIL SYP 120 ML,2
 DICLOZAF 50MG TAB,2
EPIZEP 2MG TAB,2
AEROCEF SYP 60ML,2
 VOFLOZA 250MG TAB,2
 DIGLYTA PLUS TAB,2
 CEFRESH 250MG CAP,2
LIXA 120ML SYP,2
 ACNOT 2MG TAB,2
 BACTAMOX 3000MG INJ,2
CYNODOX (SF) SYP,2
CHESTIALL COUGH SYP 120ML,2
 BTROL 250MG CAP,2
HAIO-Z 120 ML SYP,2
 LINSEVID TAB,2
 GEMICIN TAB,2
 EPLAZYME 120 ML SYP,2
 CYOX 250MG INJ,2
CEFRESH 250MG CAP,2
ZAFUROX 250MG TAB,2
 SPOREX 500MG INJ,2
BECLO-SAL INHALER,2
 ZEFTROX 1GM IV INJ,2
MEXIRAN 7.5MG TAB,2
 OFLOBIOTIC 200MG CAP,2
 HAITO SYP,2
STERILEVO INJ 100ML,2
FOLICACIDTAB,2
 IBUPROFEN TIN 200MG,2
 AZOCIN 250 CAP,2
 ZINDIGI 10MG TABS,2
 HIVYCOF SYP 120ML,2
 PREFOR -100MG CAP,2
CLOTRIM,2
 ZAMOCLAV 375 MG TAB,2
 TERBULIN TAB,2
 LORDIN TAB10MG,2
PAFRO 100MG TABS,2
 ZAFIXIME 250MG INJ,2
DAVEIZOLE-V TAB,2
LONACORT,2
 COFAN-D-SYRUP,2
ZAMLO5MGTAB,2
OMELINZ 20MG CAP,2
NEO-KTAB,2
 EPLACARD 50MG TAB,2
 ZACLAZIDE 80MG TAB,2
BIPRO 100MG TAB,2
 HAIOZEST CAP,2
1 SALCOZYM CAP,2
 HAIO-Z 120 ML SYP,2
 ZEFTROX 1GM IM INJ,2
DICLOZAF 50MG TAB/TIN,2
 CESTONIL PLUS SYP 60ML,2
ZITHRO 500MG TAB,2
GINKO-FAN 120ML,2
PLATAGG.I 75MGTAB,2
YES 2 ZINC SYP 20MG,2
EPLALEV 250MG,2
8 TEXCOL DM SYP,2
METOMIDE,2
 MULTI-365 TAB,2
EPIZEP DROPS,2
PREFOR -150MG CAP,2
ZAFUROX SUS 125MG 50ML,2
TRUZOLE,2
4 ZAFNOL TAB,2
POLYZAF EYE ONT-6GM,2
 ZAMOCLAV 625MG TAB,2
 ANGILINGUAL TAB,2
PICOZDROPS,2
 CLIOQUINOL-H/C CREAM 5GM,2
 AMDAQUIN 150MG TAB,2
ASMAKAST 10MG TAB,2
 TINIZE-SR 6MG CAP,2
GYNOSAFE 100MG TAB,2
CEPOX 250 MG IV INJ,2
 REDUSE 10MG TABS,2
 CEFYL-ESF SYP,2
MICO-12 TAB,1
ZAMPCILLIN 250MG INJ,1
8 CERE PLUS SYP,1
SORBIMONE TAB,1
9 SIMVAZAF 20MG TAB,1
8 LIVOGARD 30 TAB,1
 CEFORAL-3 CAP,1
 MYOFLEX 275MG TAB,1
0 EPILEX TAB,1
6 DIGLYTA PLUS TAB,1
1029 TEXCOL DMD SYP,1
 METHRIL 10MG TABS,1
28571 SOPRAL 5MG TAB,1
MUCORANT EXPECTORANT SYP,1
16542 MYOSAL TAB,1
 ZOXICILLIN 250MG SUSP,1
 YES 2-ZINC SULPHAT,1
5 ZAFNOL TAB,1
7 EPILEX TAB,1
 POLYCEBRIN TAB,1
 CEPHGEN-1 250MG INJ,1
7 EMKIT 0.75MG TAB,1
24161 TEXCOL DM SYP,1
IMINORAL 25MG CAP,1
 XYNOSINE (CH) DROP,1
26248 TEXCOL DM SYP,1
 TAXOMIC 500MG INJ,1
1 FLUCON 150MG CAP,1
49790 ZAFTOLIN SYP SUGAR FREE,1
3 CEPHGEN-1 500MG INJ,1
6 CORSAFE 5MG TAB,1
 BACTAMOX 750MG INJ,1
ZULCID 20 MG TA B,1
5 AZIT 250MG CAP,1
25905 AZIT 250MG CAP,1
4 FOLIC ACID TAB,1
7 LAPRANAX 0.5MG TAB,1
 PARA 6+SUSPENSION,1
AEROCEF SYP 100M,1
9 ZUSELAX 100MG INJ,1
1 FEROCHEL SYP 120ML,1
4 CEPHGEN-1 125MG SUSP,1
2 CORSAFE 5MG TAB,1
OSTIN-D DROPS,1
8 STEADY 2MG TAB,1
CIPROCURE INFUSION,1
6589 SALMIN D DROPS,1
R-MAX GEL,1
 POLYCEBRIN SUSP,1
2 LAPRANAX 0.25MG TAB,1
5 TEXCOL DM SYP,1
302 TEXCOL DM SYP,1
HYDROCORTISONE 10GM CREA M,1
 SOPRAL PLUS 5MG TAB,1
0 TEXCOL DM SYP,1
8 AZIBECT 15ML SUSP,1
ERE PLUS SYP,1
 BTROL500MG CAP,1
29394 XYNOSINE NASAL DROPS,1
ENOXAZAN 400MG TAB,1
24654 IPRIN 20MG TABS,1
 CLARX 250MG TABS,1
1 ZAFTOLIN SOLUTION,1
IMINORAL 100MG CAP,1
 ZAMOCLAV 1GM TAB,1
10795 LUTEN-Z 120ML,1
1863 ATENOLOL TAB,1
0 FLUCON 150MG CAP,1
9 AZIT 250MG CAP,1
 ZINDIGI 20MG TABS,1
 ZAMPILOX 500MG INJ,1
 HYDRAZINE HCL INJ 20MG,1
5 FLUCON 150MG CAP,1
5 FOLIC ACID TAB,1
 DIGLYTA 30MG TAB .,1
5 XYNOSINE NASAL DROPS,1
 TEXCOL BRONCO 90ML,1
 TEXCOL ALLERGY TABS,1
9 AZIT SYP 200MG,1
1 BRYON-E SYP 120ML,1
29844 TEXCOL DM SYP,1
6 PROCOD SYP 180ML,1
7 FLUCON 150MG CAP,1
IBUQUIK 200MG CAP,1
4 SOPRAL 2.5MG TAB,1
 CYOX IG INJ,1
KLEMAT 2MG TAB,1
9 CESTONIL PLUS SYP 120ML,1
 PROCOD DROP 60ML BONIUM SUSP 120ML,1
NPRIL 5MG TAB,1
 SESTRIN 50MG TAB,1
 STEADY 1MG TAB,1
25719 TEXCOL DM SYP,1
7 TEXCOL DM SYP,1
3101 PARACETAMOL 500MG TAB/TIN,1
21775 ANSAL 120ML SYP,1
 TRUZOLE SYP 60ML,1
0 ZUSELAX 100MG INJ,1
7 ADICOS 120ML SYP,1
7 CORSAFE 5MG TAB,1
28389 LONACORT INJ,1
 HEMEL 500MG TAB,1
XYNOSINE,1
3 FAMILA 28 ECONOMY PACK,1
 LABETALOL HCL TAB100MG,1
13036 HYDROCORTISONE CREAM 5GM,1
 ENFYS 40 MG CAP,1
1 XYNOSINE NASAL DROPS,1
3 ZAFNOL TAB,1
 ECTOBAL INJ 500MCG,1
 SCATEX 500MG TAB,1
2 PROCOD DROP 60ML,1
29221 FLORAMAX 2MG CAP,1
 IROFAN SYRUP,1
SPCEPHGEN-1 125MG SU,1
1 ATENOLOL TAB,1
IBUPROFEN TIN 400MG,1
sIC TAB,1
 ZIMES 20MG CAP,1
6 MYOSAL TAB,1
 LUTEVIT-Plus SYP,1
3 ZUSELAX 100MG INJ,1
1 ZAFNOL TAB,1
ZAFUROX 125MG TAB,1
0 PROCOD SOF GEL,1
27683 CESTONIL PLUS SYP 120ML,1
7 FLORAMAX 2MG CAP,1
0 LAPRANAX 0.5MG TAB,1
 CEXIME DS SYP 200MG,1
 MONTEKARL 10MG TABS,1
 DOXYCYCLINE CAP 10MG,1
 MHYDROCORTISONE 10GM CREA,1
 ZAFUROX 750MG INJ,1
1 CORSAFE 5MG TAB,1
 PARA 4 KIDS SUSP,1
9 FLUCON 150MG CAP,1
9 CRANPURE SACHETS,1
2 EPILEX TAB,1
1 NEO-K TAB,1
8 VIVAMAX CAP(,1
6308 IPRIN 20MG TABS,1
S XYNOSINE (CH) DROP,1
 CORSAFE AT 5/20 TAB,1
9 AZENE 20MG CAP,1
NCLOTRIM  SOLUTIO,1
 LEBX 200MG TAB,1
7635 TEXCOL-E-120ML SYP,1
CP ZAF 500MG T,1
3 CEPHGEN-1 125MG SUSP,1
6 BENZIBIOTEC 1.2MU INJ,1
 LOSERT 50MG TAB,1
 ROXIN 500 MG TAB,1
46521 CESTONIL PLUS SYP 120ML,1
26747 TEXCOL DM SYP,1
6310 CESTONIL SYP 120ML,1
24654 TEXCOL DM SYP,1
 SERAZYME TAB,1
1863 XYNOSINE NASAL DROPS,1
4 MYROCAM-B 20 MG TAB,1
1 BRYON E SYP 120 ML,1
 CEFRESH 500MG CAP,1
5 CLOTRIM  SOLUTION,1
9 EMPEROLE 20MG CAP,1
9 ZAFNOL TAB,1
LOKESTROL 10MG TAB,1
 CLARX 500MG TABS,1
28839 TEXCOL DM SYP,1
8 CENTURAL GOLD TAB,1
 AMBEC  1500MG INJ,1
28305 TEXCOL DM SYP,1
2707 ZODIP TAB,1
29501 SALCOZYM CAP,1
8 CORSAFE 10MG TAB,1
OLZAR 10MG TABS,1
 LCA-ZE SYP 120M,1
VESKOR 5MG TABS,1
 ENPRESS XR 75MG CAP,1
4276 LUTEN-Z 120ML,1
XOMAL PLUS SYP 60ML,1
14711 MYOSAL TAB,1
3 BENZIBIOTEC 1.2MU INJ,1
 STEADY 4MG TAB,1
PANSAL 120ML SY,1
26129 TINIZE-SR 6MG CAP,1
 ARLUFA TAB,1
 NIFEDIL-XL 30MG TAB,1
 SPON -K TAB,1
2 SALCOZYM CAP,1
 REBCA POWDER,1
PSULB 1GM INJ,1
 MICO-12 TAB,1
 ROXIN 250 MG TAB,1
PARACETAMOL BLIST PACK TAB,1
FLUCON 150MG CA P,1
7 FAMILA 28 ECONOMY PACK,1
 ZESCAP 600MG CAP,1
6 SALCOZYM CAP,1
27683 TEXCOL DM SYP,1
AZOCIN 250 CAP,1
3 CLOTRIM 10GM CREAM,1
63 TEXCOL DM SYP,1
 VIROL SYP 60M,1
1 BENZIBIOTEC 1.2MU INJ,1
8 OSTOFIT TAB,1
 OROXIZAF 125MG/5ML,1
 TONSIC 2 MG TABS,1
